{"learning_rate": 4e-05, "t_Cls loss": 0.10968029499053955, "t_Angle loss": 0.008842218667268753, "t_IoU loss": 0.1756277233362198, "v_Cls loss": 0.1118658185005188, "v_Angle loss": 0.007779370993375778, "v_IoU loss": 0.1950947642326355, "_timestamp": 1706398261.9787514, "_runtime": 90791.74998641014, "_step": 299, "_wandb": {"runtime": 90790}}