{"loss": 11.120627403259277, "epoch": 0, "_timestamp": 1706244885.069873, "_runtime": 786.9053320884705, "_step": 12, "_wandb": {"runtime": 786}}