{"learning_rate": 0.001, "t_Cls loss": 0.8887439370155334, "t_Angle loss": 0.5513747930526733, "t_IoU loss": 4.813358783721924, "v_Cls loss": 0.9239665865898132, "v_Angle loss": 1.6588032245635986, "v_IoU loss": 4.945741653442383, "_timestamp": 1706255714.8866963, "_runtime": 902.0111582279205, "_step": 0, "_wandb": {"runtime": 1640}}