{"learning_rate": 0.001, "t_Cls loss": 0.12212485074996948, "t_Angle loss": 0.047831591218709946, "t_IoU loss": 0.3874247372150421, "v_Cls loss": 0.13979965448379517, "v_Angle loss": 0.04364336282014847, "v_IoU loss": 0.41479507088661194, "_timestamp": 1706306648.4090428, "_runtime": 49442.208070755005, "_step": 61, "_wandb": {"runtime": 50155}}