{"learning_rate": 1e-05, "t_Cls loss": 0.23391717672348022, "t_Angle loss": 0.05518823489546776, "t_IoU loss": 0.45608454942703247, "_timestamp": 1706735788.4012597, "_runtime": 18954.618710756302, "_step": 20}