{"learning_rate": 1.0000000000000001e-07, "t_Cls loss": 0.10558289289474487, "t_Angle loss": 0.10753434151411057, "t_IoU loss": 0.19702143967151642, "_timestamp": 1706770138.0855129, "_runtime": 33365.34532499313, "_step": 36, "_wandb": {"runtime": 33886}}