{"learning_rate": 1e-05, "t_Cls loss": 0.15553414821624756, "t_Angle loss": 0.09783386439085007, "t_IoU loss": 0.3845421373844147, "_timestamp": 1706705344.8471286, "_runtime": 19027.9283285141, "_step": 20}