{"loss": 2.0992660522460938, "epoch": 4, "_timestamp": 1706169905.661962, "_runtime": 3889.4167280197144, "_step": 64, "_wandb": {"runtime": 3888}}